variable,count,mean,std,min,25%,50%,75%,max,original
dummy1,1000.0,0.00047015155364803213,0.010799084384813206,-0.0335421994214826,-0.0066283139686396,0.0001197888130306,0.0079364153498298,0.0337531571510325,0.0207712478208605
dummy2,1000.0,-5.0341830307005616e-05,0.008624746588876991,-0.0275815940952632,-0.006091993185439249,4.136857289616103e-06,0.0057214247386451,0.0355422239963516,0.0032687415272292
x1,1000.0,-0.018950767323128476,3.082780106571167,-8.27948638045926,-1.9891421169292884,0.023290579419659597,1.9685781273299667,28.208067438685685,28.208067438685685
x2,1000.0,0.027337658969823396,8.187068257028171,-24.24727263635274,-5.4849611974869,0.0542740388174155,5.333774720198497,75.0505171664471,75.0505171664471
x3,1000.0,-0.03601987947432086,1.9119500764118769,-6.279044102492733,-1.2884919132961872,-0.0624538802380083,1.1556187973563867,17.75444263985741,17.75444263985741
